Título;Cd. SPALM2;;;
30 anos na Paraíba: memórias corográficas e outras memórias (vol. 87);03.15.01.0080-1;;;
A Abolição (vol. 39 ) - 9788570184078;03.15.01.0034-8;;;
A Abolição do Comércio Brasileiro de Escravos - BBB;03.15.01.0258-8;;;
A Amazônia e a Integridade do Brasil - Brasil 500 anos;03.15.01.0281-2;;;
A Amazônia na era pombalina – tomos I, II e III (vol. 49);03.15.01.0044-5;;;
A Base Física do Espírito - vol.53;03.15.01.0048-8;;;
A caminho do leste (vol. 221) - 9788570186959;03.15.01.0207-3;;;
A Campanha de Canudos - Vol.5;03.15.01.0005-4;;;
A Casa de Cunhaú (vol. 45);03.15.01.0040-2;;;
A Coluna Prestes no Piauí (vol. 90);03.15.01.0083-6;;;
A Constituição que não Foi;03.14.01.0010-8;;;
A Evolução do Sistema Eleitoral Brasileiro;03.15.01.0256-1;;;
A formação do capital e seu desenvolvimento (vol. 156) - 9788570183750;03.15.01.0149-2;;;
A gênese do texto da Constituição de 1988;03.14.01.0001-9;;;
A História da Revolução Russa (Vol. 240) - 9788570188144;03.15.01.0218-9;;;
A história dos símbolos nacionais (vol. 47);03.15.01.0042-9;;;
A Ilusão Americana - vol. 11;03.15.01.0227-8;;;
A intervenção estrangeira durante a Revolta de 1893 (vol. 21);03.15.01.0016-0;;;
A língua portuguesa no tempo e no espaço (vol. 242) - 9788570188366;03.15.01.0272-3;;;
A Noite das Garrafadas (vol. 173);03.15.01.0166-2;;;
A Paraíba e seus Problemas (vol. 172) - 9788570184153;03.15.01.0165-4;;;
A presença holandesa: a história da guerra do açúcar vista por Alagoas (vol. 197) - 9788570185150;03.15.01.0188-3;;;
A presença negra em Alagoas (vol. 214) - 9788570186447;03.15.01.0200-6;;;
A Presidência Campos Sales (Coleção Biblioteca Básica Brasileira);03.15.01.0263-4;;;
A Questão Geopolítica da Amazônia - Da Soberania Difusa à Soberania Restrita - Vol.64;03.15.01.0057-7;;;
;03.15.01.0260-0;;;
A renúncia de Jânio (vol. 234) - 9788570187796;03.15.01.0234-0;;;
A república na América do Sul (vol. 231) - 9788570187543;03.15.01.0232-4;;;
A retirada da Laguna (vol. 149) - 9788570183477;03.15.01.0142-5;;;
A Verdade Como Regra das Ações - vol.51;03.15.01.0046-1;;;
A viagem de Patroni pelas províncias brasileiras (vol. 176) - 9788570184832;03.15.01.0169-7;;;
A vida de Gonçalves Dias (vol. 226) - 9788570187420;03.15.01.0210-3;;;
A vida de Luiz Viana Filho (vol. 58);03.15.01.0051-8;;;
A vida do barão do Rio Branco (vol. 203) - 9788570185518;03.15.01.0194-8;;;
A Vida dos Doze Césares - vol.171;03.15.01.0164-6;;;
ABC das Alagoas, dicionário biobibliográfico, histórico e geográfico de Alagoas - Tomos I, II e III (vol. 215) - 9788570186669;03.15.01.0055-0;;;
Ação e Presença dos Portugueses na costa norte do Brasil no séc. XVII (vol. 206) - 9788570185396;03.15.01.0196-4;;;
Advento da ditadura militar no Brasil (vol. 243);03.15.01.0271-5;;;
Agenda Legislativa para o Desenvolvimento Nacional - 9788570183538;03.14.11.0062-4;;;
Alagoaa: a Herança Indígena - vol. 238;03.15.01.0250-2;;;
Aldeamento dos Acoroás (VII vol. – Coleção Centenário) - 9788564231146;;;;
Álbum Ilustrado do Estado de Alagoas;03.15.01.0286-3;;;
Amapá: A Terra Onde o Brasil Começa - Brasil 500 Anos;03.15.01.0245-6;;;
Amapá: a terra onde o Brasil começa (vol. 35);03.15.01.0030-5;;;
Amazônia ameaçada. Da Amazônia de Pombal à soberania sob ameaça (vol. 116);03.15.01.0109-3;;;
Amazônia, patrimônio universal? (vol. 135) - 9788570182807;03.15.01.0128-0;;;
Amazônia: terminais hidroviários (vol. 196) - 9788570185129;03.15.01.0187-5;;;
América Latina e América Inglesa (vol. 153);03.15.01.0146-8;;;
Americanidade - Mercosul: Passaporte para a Integração - vol.128;03.15.01.0121-2;;;
Análise e Representação de Assuntos: Diretrizes para a Rede Virtual de Bibliotecas - RVBI;03.14.11.0059-4;;;
Anísio em Movimento (Coleção Biblioteca Básica Brasileira);03.15.01.0265-0;;;
Anotações de Vasconcelos de Drummond à sua biografia (vol. 165) - 9788570184092;03.15.01.0158-1;;;
Apontamentos biográficos de alguns piauienses ilustres e de outras pessoas notáveis que ocuparam cargos importantes na província do Piauí (III Vol. – Coleção Centenário) - 9788564231061;03.14.11.0066-7;;;
Apontamentos para a história dos jesuítas no Brasil (vol. 166) - 9788570184108;03.15.01.0159-0;;;
Apresentação de Afonso Arinos (vol. 124);03.15.01.0117-4;;;
Arborização urbana no Distrito Federal: história e espécies do cerrado;03.15.01.0285-5;;;
Arquivo Nelson Werneck Sodré: catálogo da obra (vol. 181) - 9788570184535;03.15.01.0174-3;;;
Arte sacra de Alagoas: um tesouro da memória (vol. 75) - 9788570185181;03.15.01.0068-2;;;
As aventuras de Nhô-Quim e Zé Caipora: os primeiros quadrinhos brasileiros 1869-1883 (vol. 44);03.15.01.0039-9;;;
;03.15.01.0069-0;;;
As Constituições dos países da Comunidade de Língua Portuguesa comentadas (vol. 91);03.15.01.0084-4;;;
As dificuldades de um império luso-brasileiro (vol. 168) - 9788570184122;03.15.01.0161-1;;;
As obras dos engenheiros militares Galluzzi e Sambuceti e do arquiteto Landi no Brasil colonial do século XVIII (vol. 46);03.15.01.0041-0;;;
Assédio (reimpressão) - 9788570187116;03.14.04.0001-2;;;
Atualidade de Alberto Pasqualini (vol. 144);03.15.01.0137-9;;;
Autobiografia - Visconde de Mauá (vol. 148) - 9788570183453;03.15.01.0141-7;;;
Autobiografia de C. B. Ottoni (vol. 202) - 9788570185501;03.15.01.0193-0;;;
Autores e livros na Rádio Senado – entrevistas a Margarida Patriota (vol. 220) - 9788570186737;03.15.01.0206-5;;;
Avaliação de impacto legislativo - Cenários e perspectivas para sua aplicação - 9788570188878;03.14.02.0010-2;;;
Balmaceda (vol. 14) - 9788570182555;03.15.01.0013-5;;;
Bandeiras nacional, históricas e estaduais (vol. 155);03.15.01.0148-4;;;
;03.15.01.0056-9;;;
Biblioteca Acadêmico Luiz Viana Filho: 180 Anos de História Viva;03.14.11.0049-7;;;
;03.15.01.0222-7;;;
;03.15.01.0225-1;;;
Brasil: uma história documental (vol. 232) - 9788570187536;03.15.01.0233-2;;;
Brasileiras célebres (vol. 228) - 9788570187475;03.15.01.0212-0;;;
Caminhos do açúcar: engenhos e casas-grandes das Alagoas (vol. 104);03.15.01.0097-6;;;
Campanha abolicionista no Recife: eleições de 1884 (vol. 59);03.15.01.0052-6;;;
;03.15.01.0002-0;;;
Capítulos de história colonial (vol. 65);03.15.01.0058-5;;;
;03.15.01.0246-4;;;
Castilhismo: uma filosofia da República (vol. 145);03.15.01.0138-7;;;
Catálogo de Obras Raras e Valiosas da Coleção Luiz Viana Filho - 9788570183552;03.14.11.0044-6;;;
;03.14.01.0008-6;;;
;03.14.11.0064-0;;;
;03.15.01.0273-1;;;
;03.15.01.0077-1;;;
Cidades históricas – inventário e pesquisa: São Luís (vol. 85);03.15.01.0078-0;;;
;03.15.01.0076-3;;;
Ciência, Tecnologia e Soberania Nacional – Dificuldades para a construção de um projeto nacional - 9788570183606;03.14.11.0001-2;;;
Código Civil e normas correlatas – 9ª edição - 9788570188373;03.14.04.0002-0;;;
Código de defesa do consumidor e normas correlatas 2ª ed. – 9788570188717;03.14.12.0017-3;;;
Código de processo civil e normas correlatas – 11ª edição - 9788570188472;03.14.04.0003-9;;;
Código de processo penal - 1ª ed. - 9788570188090;03.14.05.0001-7;;;
Código Filipino ou Ordenações e Leis do Reino de Portugal (vol. 38) - 9788570183699;03.15.01.0033-0;;;
Código Penal - 9788570188045;03.14.05.0002-5;;;
Código Tributário Nacional - 3ª ed. - 9788570188502;03.14.02.0001-3;;;
Coleção ambiental – Água - 9788570186195;03.14.06.0001-1;;;
Coleção ambiental – Educação ambiental - 9788570185761;03.14.06.0002-0;;;
Coleção ambiental – Florestas - 9788570185822;03.14.06.0003-8;;;
Coleção ambiental – Patrimônio genético - 9788570187031;03.14.06.0004-6;;;
Coleção ambiental – Resíduos sólidos e saneamento básico - 9788570187062;03.14.06.0005-4;;;
Coleção ambiental – Terras - 9788570185952;03.14.06.0006-2;;;
Coleção Ambiental Vol. II – Código de Mineração e Legislação Correlata - 9788570183644;03.14.06.0008-9;;;
Coleção Ambiental Vol. V – Biossegurança e Transgenia - 9788570183620;03.14.06.0009-7;;;
Coleção Ambiental Vol. VI – Atmosfera, Desmatamento, Poluição e Camada de Ozônio;03.14.06.0007-0;;;
Coleção Ambiental Vol. VIII – Unidades de Conservação da Natureza;;;;
Coleção Constituições Brasileiras - 9788570184245;03.14.01.0002-7;;;
Coleção de Teses – “O Judiciário Legislador”;;;;
Coleção de Teses – A Democracia Desconstruída. O déficit democrático nas relações internacionais e os parlamentos da integração;;;;
Coleção de Teses – A Judicialização da Política e o Direito Eleitoral Brasileiro no Período 2002-2008;;;;
Coleção de Teses – A linguagem penal do contrato social brasileiro: O inimigo, a guerra e a construção da ordem contra a sociedade no Brasil (1822-1890);03.14.11.0032-2;;;
Coleção de Teses – A polêmica construída: racismo e discurso da imprensa sobre a política de cotas para negros;;;;
Coleção de Teses – A preponderância do Poder Executivo no processo orçamentário;03.14.11.0070-5;;;
;;;;
Coleção de Teses – A Subsidiariedade como Princípio de Organização do Estado e sua Aplicação no Federalismo;;;;
Coleção de Teses – Análise da Ocorrência de Interfaces entre as Competências do Senado Federal;;;;
Coleção de Teses – Auditoria interna de recursos humanos: temas de trabalho e perspectivas de atuação;03.14.11.0031-4;;;
Coleção de Teses – Bolívia: logística nacional e construção do Estado;;;;
Coleção de Teses – Construindo e gerenciando estrategicamente a agenda legislativa do Executivo: o fenômeno da Apropriação;;;;
Coleção de Teses – Da constitucionalidade e legitimidade da iniciativa popular para a reforma da constituição;03.14.11.0071-3;;;
Coleção de Teses – Da influência dos valores culturais na percepção e prática da corrupção: de perspectivas teóricas a evidências práticas;03.14.11.0028-4;;;
Coleção de Teses – Emendas individuais dos senadores ao orçamento anual: uma análise dos exercícios de 2008 e 2009;03.14.07.0002-4;;;
Coleção de Teses – Gênero, adolescência e políticas de ressocialização: um estudo com as internas do CAJE do Distrito Federal;03.14.11.0073-0;;;
Coleção de Teses – Imagens Cruzadas: A opinião pública e o Congresso Nacional;;;;
Coleção de Teses – Interações entre coalizão e oposição nas comissões da Câmara dos Deputados e do Senado Federal (2011);03.14.11.0033-0;;;
;03.14.11.0033-0;;;
Coleção de Teses – O (des)alinhamento das agendas política e burocrática no Senado: uma análise à luz da teoria da agência, sob o posnto de vista do agente;03.14.11.0026-8;;;
Coleção de Teses – O Controle Normativo da Mídia do Congresso Nacional;03.14.11.0068-3;;;
Coleção de Teses – O impacto da gestão de documentos no processo de produção digital da TV Senado;;;;
Coleção de Teses – O papel dos atores institucionais na aprovação de emendas orçamentárias de bancadas estaduais entre 2007 e 2011;;;;
Coleção de Teses – O poder dos líderes revisitado: a atuação das bancadas temáticas na aprovação do Código Florestal;03.14.11.0034-9;;;
;03.14.11.0034-9;;;
Coleção de Teses – O Princípio da Moderação e a Legitimação do Controle Judicial de Constitucionalidade das Leis;03.14.11.0072-1;;;
Coleção de Teses – Política externa independente (1961-1964): o parlamento e o caso do colonialismo português na África;;;;
Coleção de Teses – Políticas públicas estatais: a deliberação popular no ciclo das políticas públicas;03.14.11.0069-1;;;
Coleção de Teses – Programas de marketing social: proposição e exame de uma estrutura conceitual de avaliação de resultados;;;;
Coleção de Teses – Projeto de Visita do Parlamento Brasileiro: Construção de uma nova imagem;;;;
Coleção de Teses – Prouni e o fenômeno da apropriação;03.14.11.0048-9;;;
Coleção de Teses – Regulamentação das atividades de lobby e seu impacto sobre as relações entre políticos, burocratas e grupos de interesse no ciclo das políticas públicas – análise comparativa dos Estados Unidos e Brasil;03.14.11.0030-6;;;
Coleção de Teses – Sistema de Controle Interno Integrado da União: Necessidade ou simples obrigatoriedade?;;;;
Coleção de Teses – Sociedade Anônima simplificada;03.14.11.0027-6;;;
Coleção de Teses – Tributação Pró-Competitiva: Critérios especiais de tributação e desequilíbrios da concorrência;;;;
;03.14.11.0035-7;;;
;03.14.11.0035-7;;;
Coleção O Senado na História do Brasil (Arquivo S – Vol. 1) - 9788570186508;;;;
Coleção Sessões Temáticas – Reforma política, financiamento da saúde e pacto federativo;03.14.11.0052-7;;;
;03.14.11.0053-5;;;
Coletânea básica penal - 8ª edição - 9788570187987;03.14.05.0003-3;;;
Colônias imperiais na terra do café: camponeses trentinos (vênetos e lombardos) nas florestas brasileiras. Espírito Santo (1874-1900) (vol. 114);03.15.01.0107-7;;;
Conselhos aos governantes (vol. 15) - reimpressão - 9788570188120;03.15.01.0014-3;;;
Consolidação das leis do trabalho – CLT e normas correlatas – 9788570188908;03.14.04.0014-4;;;
Constituição em Miúdos - 1 ed - 97824246;03.14.01.0003-5;;;
Constituição Federal – 97ª Emenda – Modelo Livro – 9788570188939;03.14.01.0009-4;;;
;03.14.01.0004-3;;;
;03.14.01.0005-1;;;
Constituições primeiras do Arcebispado da Bahia (vol. 79) - 9788570182852;03.15.01.0072-0;;;
Constitution of the Federative Republic of Brazil 1988 - Amendments 1/92 - through 72/2013 -9788570184986;03.14.01.0006-0;;;
;03.14.04.0004-7;;;
;03.15.01.0087-9;;;
Copiador de cartas particulares do Senhor Dom Frei Manuel da Cruz, Bispo do Maranhão e Mariana (1739-1762) (vol. 108);03.15.01.0102-6;;;
Corumbá: terra de lutas e de sonhos (vol. 77);03.15.01.0070-4;;;
Crédito e Spread: Custo da Intermediação Bancária - 9788570182821;03.14.11.0002-0;;;
;03.14.05.0004-1;;;
Crônica da missão dos padres da Companhia de Jesus no Estado do Maranhão (vol. 115) - 9788570182678;03.15.01.0108-5;;;
;03.14.03.0001-8;;;
Cultura e opulência do Brasil: por suas drogas e minas (vol. 160) - 9788570183781;03.15.01.0153-0;;;
Cultura quilombola na Lagoa da Pedra, Arraias-TO (vol. 146) - 9788570183422;03.15.01.0139-5;;;
;03.15.01.0071-2;;;
;03.15.01.0104-2;;;
;03.15.01.0247-2;;;
Defesa da poesia - 1ª edição (vol. 241) - 9788570188311;03.15.01.0274-0;;;
Delmiro Gouveia e a educação na Pedra (vol. 199);03.15.01.0190-5;;;
Deodoro: subsídios para a história (Coleção Biblioteca Básica Brasileira);03.15.01.0257-0;;;
Desenvolvimento e inclusão social - 9788570185709;03.14.04.0005-5;;;
;03.15.01.0282-0;;;
Diálogos das grandezas do Brasil (vol. 134) - 9788570182746;03.15.01.0127-1;;;
;03.15.01.0006-2;;;
Diário da minha viagem para Filadélfia: 1798-1799 (vol. 33);03.15.01.0228-6;;;
;03.15.01.0253-7;;;
Direitos Autorais – 4ª Edição - 9788570186362;03.14.04.0006-3;;;
Direitos Humanos - atos internacionais e normas correlatas - 9788570185327;03.14.12.0001-7;;;
;03.15.01.0195-6;;;
Diretrizes para Construção do Tesauro da Rede Virtual de Bibliotecas - RVBI;03.14.11.0060-8;;;
Documentos sigilosos: acesso e direito à informação - 9788570184436;03.14.12.0002-5;;;
Doença ocupacional - 9788570187338;03.14.08.0003-7;;;
;03.15.01.0012-7;;;
Dom Helder: o artesão da paz (vol. 120) - 9788570183880;03.15.01.0113-1;;;
Dom Pedro e Dom Miguel: a querela da sucessão (vol. 36);03.15.01.0031-3;;;
;03.15.01.0060-7;;;
Drogas - 9788570185686;03.14.05.0005-0;;;
;03.14.13.0012-7;;;
;03.14.11.0061-6;;;
Educação básica - 9788570187833;03.14.03.0002-6;;;
El Senado Federal en Preguntas y Respuestas - 9788570185082;03.14.10.0001-8;;;
Eleição e Representação (Coleção Biblioteca Básica Brasileira);03.15.01.0254-5;;;
Energia - Normas Gerais e Regulamentos;03.14.06.0010-0;;;
Ensaio corográfico sobre a província do Pará (vol. 30) - 9788570184030;03.15.01.0025-9;;;
Ensaios e estudos (vol. 9) - 9788570182647;03.15.01.0009-7;;;
;03.15.01.0010-0;;;
Escritos políticos: Cartas de Erasmo, A corte do Leão, A festa macarrônica (vol. 92) - 9788570183163;03.15.01.0085-2;;;
Estatuto da criança e do adolescente - 9788570188847;03.14.12.0019-0;;;
;03.14.12.0004-1;;;
Estatuto da Juventude: atos internacionais e normas correlatas - 9788570185204;03.14.12.0005-0;;;
Estatuto da Pessoa com Deficiência – 2ª edição - 9788570187666;03.14.04.0007-1;;;
Estatuto do Desarmamento - 2013 - 4ª Edição - 9788570185006;03.14.12.0006-8;;;
;03.14.12.0015-7;;;
Estatuto do Idoso - 9788570188267;03.14.04.0008-0;;;
;03.15.01.0115-8;;;
Estudos de Direito Sanitário: A produção normativa em saúde;03.14.12.0022-0;;;
Euclides da Cunha e a Política (vol. 170) - 9788570184146;03.15.01.0163-8;;;
Fábrica da Pedra (Conselho Editorial) - 9788570185198;03.15.01.0251-0;;;
Fastos da ditadura militar no Brasil (vol. 187) - 9788570184856;03.15.01.0180-8;;;
;03.15.01.0255-3;;;
Finalidade do mundo: estudos de filosofia e teleologia naturalista - TOMOS I, II, III (vol. 183);03.15.01.0176-0;;;
Formação constitucional do Brasil (vol. 225) - 9788570187321;03.15.01.0209-0;;;
Formação histórica da nacionalidade brasileira (vol. 158) - 9788570183934;03.15.01.0151-4;;;
Formação Histórica do Acre - Volumes I e II (vol. 109);03.15.01.0103-4;;;
Formação histórica do Brasil (vol. 118);03.15.01.0111-5;;;
Fragmentos de estudos da história da Assembleia Constituinte do Brasil (vol. 66);03.15.01.0059-3;;;
;03.15.01.0026-7;;;
Galeria dos Brasileiros Ilustres - Volumes I e II (Coleção Brasil 500 Anos);03.15.01.0219-7;;;
Garibaldi e a Guerra dos Farrapos (vol. 230) - 9788570187529;03.15.01.0214-6;;;
Gestão orçamentária pública - 9788570187956;03.14.02.0002-1;;;
;03.15.01.0136-0;;;
Governança pública 2ª ed. – 9788570188632;03.14.02.0003-0;;;
Grandes Vultos que Honraram o Senado – Abdias Nascimento - 9788570185372;03.14.11.0004-7;;;
;03.14.11.0045-4;;;
;03.14.11.0046-2;;;
Grandes Vultos que Honraram o Senado – Fábio Lucena - 9788570185143;03.14.11.0006-3;;;
Grandes Vultos que Honraram o Senado – Henrique de La Rocque - 9788570185037;03.14.11.0047-0;;;
Grandes Vultos que Honraram o Senado – Humberto Lucena;03.14.11.0007-1;;;
Grandes Vultos que Honraram o Senado – Petrônio Portella - 9788570183101;03.14.11.0008-0;;;
Grandes Vultos que Honraram o Senado – Pompeu de Souza;03.14.11.0009-8;;;
Grandes Vultos que Honraram o Senado – Teotônio Vilela;03.14.11.0010-1;;;
Guia de Fontes de Informação sobre o Senado Federal - 9788570184719;03.14.02.0011-0;;;
;03.14.11.0011-0;;;
Hannah Arendt e o declínio da esfera pública - 3ª edição (2014) - 9788570185334;03.15.01.0267-7;;;
;03.15.01.0171-9;;;
História da América portuguesa (vol. 157);03.15.01.0150-6;;;
;03.15.01.0020-8;;;
;03.15.01.0018-6;;;
História da civilização brasileira (vol. 188) - 9788570184863;03.15.01.0181-6;;;
História da conquista da Paraíba (vol. 73);03.15.01.0066-6;;;
História da Independência do Brasil (vol. 137) - 9788570182791;03.15.01.0130-1;;;
História da literatura ocidental (vol. 107) - 3ª ed - 9788570188212;03.15.01.0101-8;;;
História da missão dos padres capuchinhos na Ilha do Maranhão e terras circunvizinhas (vol. 105);03.15.01.0099-2;;;
;03.15.01.0261-8;;;
História diplomática do Brasil (vol. 224) - 9788570186966;03.15.01.0208-1;;;
;03.15.01.0124-7;;;
História do Brasil (João Armitage) (vol. 142) - 9788570183736;03.15.01.0135-2;;;
História do Brasil (Robert Southey) - Volumes I, II e III (vol. 133) - 9788570183132;03.15.01.0126-3;;;
História do Positivismo no Brasil (vol. 48);03.15.01.0043-7;;;
História do Rio Grande do Norte (vol. 167) - 9788570184115;03.15.01.0160-3;;;
História do Triângulo Mineiro (vol. 186);03.15.01.0179-4;;;
;03.15.01.0275-8;;;
História dos fundadores do Império do Brasil - Vol. II - TOMO I, II, II - A vida de D. Pedro (vol. 209) - 9788570186126;03.15.01.0276-6;;;
História dos fundadores do Império do Brasil - Vol. III - Bernardo Pereira de Vasconcelos (vol. 210);03.15.01.0277-4;;;
História dos fundadores do Império do Brasil - Vol. IV - Evaristo Ferreira da Veiga (vol. 211) - 9788570186164;03.15.01.0278-2;;;
História dos fundadores do Império do Brasil - Vol. V - Diogo Antônio Feijó (vol. 212) - 9788570186171;03.15.01.0279-0;;;
;03.15.01.0198-0;;;
História econômica do Brasil (vol. 34) - 9788570184061;03.15.01.0029-1;;;
;03.14.11.0063-2;;;
História interna do direito romano privado até Justiniano (vol. 106);03.15.01.0100-0;;;
História militar do Brasil (vol. 192) - 9788570184955;03.15.01.0184-0;;;
;03.15.01.0112-3;;;
Ideias e instituições no Império: influências francesas (vol. 136) - 9788570182784;03.15.01.0129-8;;;
Igualdade racial e étnica - 9788570187253;03.14.04.0009-8;;;
Imigrantes poloneses no Brasil de 1891 (vol. 139) - 9788570183088;03.15.01.0132-8;;;
Início e consolidação da pesquisa matemática no Brasil (vol. 98);03.15.01.0091-7;;;
Introdução à Análise Política (Edições Unilegis de Ciência Política);;;;
Introdução à Ciência Política (Edições Unilegis de Ciência Política);;;;
Invasão paraguaia na fronteira brasileira do Uruguai (vol. 177) - 9788570184405;03.15.01.0170-0;;;
Inventário de documentos históricos brasileiros (vol. 50);03.15.01.0045-3;;;
Inventário Nacional de Bens Imóveis e Sítios Urbanos Tombados (vol. 82);03.15.01.0075-5;;;
João Francisco Lisboa: o timon maranhense (vol. 182);03.15.01.0175-1;;;
João Goulart - Devolução Simbólica do Mandato Presidencial;03.14.11.0021-7;;;
;03.15.01.0259-6;;;
Jornada do Maranhão: por ordem de Sua Majestade feita o ano de 1614 (vol. 161) - 9788570183798;03.15.01.0154-9;;;
Jornal de Timon (vol. 28);03.15.01.0023-2;;;
LDB - 1ª ed. - 9788570187864;03.14.03.0003-4;;;
Legba: a guerra contra o Xangô em 1912 - papel couchê;;;;
Legba: a guerra contra o Xangô em 1912 - papel verge (vol. 207) - 9788570186614;03.15.01.0197-2;;;
Legislação pesqueira 2013 - 9788570185105;03.14.12.0008-4;;;
Lei de Responsabilidade Fiscal - 1 ed - 9788570188328;03.14.12.0009-2;;;
Lei n. 8.666/1993 - Licitações e contratos - 9788570188403;03.14.02.0006-4;;;
Licitações & Contratos - Orientações e Jurisprudência do TCU - 9788570183194;03.14.02.0008-0;;;
Licitações e contratos administrativos: teoria e jurisprudência – 9788570188663;03.14.02.0005-6;;;
;03.14.02.0005-6;;;
Licitações, contratos e convênios públicos - 9788570188403;03.14.02.0007-2;;;
;03.15.01.0235-9;;;
Luiz Viana Filho - O Jornalista;03.14.11.0050-0;;;
;03.15.01.0216-2;;;
;03.15.01.0061-5;;;
;03.14.12.0010-6;;;
Manual de Organização de Eventos do Senado Federal - 9788570184894;03.14.11.0023-3;;;
Marketing social: aplicações e métricas no setor público - 9788570186867;03.14.11.0012-8;;;
Memória sobre a viagem do porto de Santos à cidade de Cuiabá (vol. 69);03.15.01.0062-3;;;
Memórias d’o Tico-Tico: Juquinha, Giby e Miss Shocking (vol. 123);03.15.01.0116-6;;;
Memórias da Rua do Ouvidor (vol. 41);03.15.01.0036-4;;;
Memórias do meu tempo (vol. 3);03.15.01.0003-8;;;
Memórias do Senado (Conselho Editorial);03.14.11.0022-5;;;
Memórias para a história da capitania de São Vicente (vol. 129) - 9788570182777;03.15.01.0122-0;;;
Memórias para servir à história do reino do Brasil (vol. 180) - 9788570184542;03.15.01.0173-5;;;
Memórias secretas de Carlota Joaquina (vol. 130) - 9788570182715;03.15.01.0123-9;;;
Mercosul: Legislação e Textos Básicos;03.14.12.0020-3;;;
Meu caminho para Brasília - A, B e C (vol. 201) - 9788570185433;03.15.01.0192-1;;;
Mídia das fontes – um novo ator no cenário jornalístico brasileiro;03.14.11.0013-6;;;
Minha Formação (Coleção Biblioteca Básica Brasileira);03.15.01.0262-6;;;
Missão Rondon: apontamentos sobre os trabalhos realizados pela Comissão de Linhas Telegráficas Estratégicas de Mato Grosso ao Amazonas, sob a direção do Coronel de Engenharia Cândido Mariano da Silva Rondon, de 1907 a 1915 (vol. 8) - 9788570183835;03.15.01.0008-9;;;
Mulher - 9788570186553;03.14.04.0011-0;;;
;03.15.01.0019-4;;;
Na Planície Amazônica (Coleção Brasil 500 Anos);03.15.01.0249-9;;;
Narrativa da perseguição (vol. 125);03.15.01.0118-2;;;
Narrativa de serviços no libertar-se o Brasil da dominação portuguesa (vol. 16);03.15.01.0015-1;;;
Nas selvas do Brasil (vol. 141) - 9788570183095;03.15.01.0134-4;;;
Naus no Brasil Colônia (vol. 88);03.15.01.0081-0;;;
Ney Braga, política e modernidade (vol. 96);03.15.01.0089-5;;;
No Brasil, do rio São Francisco ao Amazonas (vol. 71);03.15.01.0064-0;;;
Norte do Brasil: através do Amazonas, do Pará e do Maranhão (vol. 159) - 9788570183774;03.15.01.0152-2;;;
Nos Estados Unidos: impressões políticas e sociais (vol. 121);03.15.01.0114-0;;;
;03.15.01.0024-0;;;
Notas sobre as casas de fazenda dos Inhamuns (vol. 185);03.15.01.0178-6;;;
;03.15.01.0007-0;;;
O ano da Independência (vol. 138) - 9788570182753;03.15.01.0131-0;;;
O Barão do Rio Branco (vol. 191) - 9788570184948;03.15.01.0183-2;;;
O Brasil holandês sob o conde João Maurício de Nassau (vol. 43);03.15.01.0038-0;;;
O Brasil no pensamento brasileiro (vol. 55) - 9788570183675;03.15.01.0049-6;;;
;03.15.01.0252-9;;;
O cavalo: grandeza e legado - a família equídea e o que ela inspirou (vol. 163) - 9788570183941;03.15.01.0156-5;;;
O Discurso Autoritário de Cairu (Coleção Brasil 500 Anos);03.15.01.0248-0;;;
;03.15.01.0004-6;;;
O Estado Nacional (Coleção Biblioteca Básica Brasileira);03.15.01.0264-2;;;
O Estado Independente do Acre e J. Plácido de Castro: excertos históricos (vol. 56);03.15.01.0050-0;;;
;03.14.11.0029-2;;;
O guarani (vol. 235) - 9788570188076;03.15.01.0215-4;;;
O Legislativo Brasileiro: funcionamento, composição e opinião pública - 9788570183965;03.14.10.0003-4;;;
O massacre de Alto Alegre (vol. 215);03.15.01.0201-4;;;
O meio circulante no Brasil: a moeda fiduciária no Brasil de 1771 a 1900 (Parte III) (vol. 60);03.15.01.0053-4;;;
O meu dicionário de cousas da Amazônia (vol. 175) - 9788570184412;03.15.01.0168-9;;;
O moderno Príncipe: Maquiavel revisitado (vol. 147);03.15.01.0140-9;;;
;03.15.01.0047-0;;;
O Nordeste brasileiro (vol. 237) - 9788570187819;03.15.01.0217-0;;;
O Oiapoque e o Amazonas (Vol. 193) - 9788570187789;03.15.01.0185-9;;;
O presidente Campos Sales na Europa (vol. 40);03.15.01.0035-6;;;
O Quilombo de Frechal (vol. 81) - 9788570182616;03.15.01.0074-7;;;
;03.14.11.0058-6;;;
O rei dos jagunços (vol. 179) - 9788570184382;03.15.01.0172-7;;;
O Rio de Janeiro como é (1824-1826) (vol. 154) - 9788570183514;03.15.01.0147-6;;;
;03.15.01.0283-9;;;
O Rio de Janeiro do meu tempo (vol. 1);03.15.01.0001-1;;;
;03.15.01.0119-0;;;
O Senado Federal em Perguntas e Respostas;03.14.11.0055-1;;;
;03.14.11.0056-0;;;
;03.14.11.0067-5;;;
O Senado nas Constituições brasileiras - 9788570185365;03.14.01.0007-8;;;
O senhor da Pedra: produções e usos das memórias sobre Delmiro Gouveia (1940-1980) (vol. 229) - 9788570187482;03.15.01.0213-8;;;
O Supremo Tribunal Federal e as Comissões Parlamentares de Inquérito;03.14.11.0051-9;;;
O Tenente-General Napione - 9788590431046;03.14.11.0054-3;;;
;03.15.01.0125-5;;;
O Tratado de limites Brasil-Peru (vol. 127);03.15.01.0120-4;;;
;03.14.12.0021-1;;;
;03.15.01.0032-1;;;
Obras de Arte do Senado Federal: catálogo do acervo (Conselho Editorial);03.15.01.0288-0;;;
Observações sobre a Franqueza da Indústria e Estabelecimento de Fábricas no Brasil (Coleção Biblioteca Básica Brasileira);03.15.01.0269-3;;;
Oito Anos de Parlamento (Coleção Biblioteca Básica Brasileira);03.15.01.0270-7;;;
Origens da legislação trabalhista brasileira (vol. 216) - 9788570186706;03.15.01.0202-2;;;
Os caminhos de Garibaldi na América (vol. 112);03.15.01.0105-0;;;
Os deputados brasileiros nas Cortes Gerais de 1821 (vol. 12);03.15.01.0011-9;;;
Os Inconfidentes José de Resende Costa (Pai e Filho) e o Arraial da Laje;03.14.11.0014-4;;;
;03.15.01.0073-9;;;
Os meus balões (vol. 198) - 9788570185419;03.15.01.0189-1;;;
;03.15.01.0027-5;;;
Os Papagaios Amarelos (vol. 102);03.15.01.0095-0;;;
Paisagens brasileiras (vol. 89);03.15.01.0082-8;;;
Pantanal Pioneiros: álbum gráfico e genealógico de pioneiros na ocupação do Pantanal (vol. 95);03.15.01.0088-7;;;
;03.15.01.0239-1;;;
;03.15.01.0240-5;;;
;03.15.01.0241-3;;;
;03.15.01.0242-1;;;
;03.15.01.0243-0;;;
;03.15.01.0244-8;;;
Parlasul: o espaço político da integração (vol. 218) - 9788570186935;03.15.01.0204-9;;;
Paróquias potiguares: uma história (vol. 217) - 9788570186669;03.15.01.0203-0;;;
;03.14.12.0018-1;;;
Patrimônio Cultural - 9788570185594;03.14.04.0012-8;;;
;03.14.12.0011-4;;;
;03.14.03.0004-2;;;
Pluto Brasiliensis (vol. 140) - 9788570183118;03.15.01.0133-6;;;
Populações meridionais do Brasil (vol.27);03.15.01.0022-4;;;
Por um Tribunal de Justiça para a Unasul -9788570185587;03.14.11.0016-0;;;
;03.15.01.0280-4;;;
Presidencialismo no Brasil: história, organização e funcionamento - 9788570186744;03.14.11.0017-9;;;
Presidencialismo ou Parlamentarismo? (Coleção Biblioteca Básica Brasileira);03.15.01.0268-5;;;
Primeira Infância: ideias e intervenções oportunas - 9788570184603;03.14.11.0024-1;;;
Produção normativa em saúde: políticas setoriais e regulação - 9788570184450;03.14.11.0065-9;;;
Proposta de Sistema Tributário - 9788570182593;03.14.11.0018-7;;;
Quadro comparativo do Código de Processo Civil - 2ª edição - 9788570187284;03.14.12.0012-2;;;
Quando Mudam as Capitais (Coleção Biblioteca Básica Brasileira);03.15.01.0238-3;;;
Questões de limites: Guiana Francesa (vol. 97);03.15.01.0090-9;;;
;03.15.01.0237-5;;;
Raízes da Intolerância: inquisição e sodomitas em Pernambuco (vol. 227) - 9788570187437;03.15.01.0211-1;;;
Rã-txa hu-ni-ku-i: gramática, textos e vocabulário caxinauás (vol. 200) - 9788570185426;03.15.01.0191-3;;;
Recordações da campanha do Paraguai (vol. 72);03.15.01.0065-8;;;
;03.15.01.0092-5;;;
Regimento Comum do Congresso Nacional - 2015;03.14.12.0016-5;;;
Regimento Interno do Senado Federal - Vols. I e II - 2016;03.14.02.0009-9;;;
Relatório Cruls: Relatório da Comissão Exploradora do Planalto Central do Brasil (vol. 22);03.15.01.0017-8;;;
Releitura: Compilação de textos para discussão – Nº 1 - 9772179315001;03.14.11.0039-0;;;
Releitura: Compilação de textos para discussão – Nº 2 - 9772179315001;03.14.11.0040-3;;;
Releitura: Compilação de textos para discussão – Nº 3 - 9772179315001;03.14.11.0041-1;;;
Releitura: Compilação de textos para discussão – Nº 4 - 9772179315001;03.14.11.0036-5;;;
Releitura: Compilação de textos para discussão – Nº 5 - 9772179315001;03.14.11.0037-3;;;
;03.14.11.0038-1;;;
Reminiscências da Guerra do Paraguai (vol. 152) - 9788570183460;03.15.01.0145-0;;;
;03.15.01.0098-4;;;
Reminiscências de viagens e permanências no Brasil: províncias do Norte (vol. 103);03.15.01.0096-8;;;
Resgate da reforma política: diversidade e pluralismo no legislativo - 9788570185730;03.14.11.0019-5;;;
Revista Americana: uma iniciativa pioneira de cooperação intelectual (1909-1919) (Coleção Brasil 500 anos);03.15.01.0284-7;;;
Revista de Informação Legislativa - Assinatura 2017;;;;
Revista de Informação Legislativa - RIL - Nº 181;;;;
Revista de Informação Legislativa - RIL - Nº 182;;;;
Revista de Informação Legislativa - RIL - Nº 183;;;;
Revista de Informação Legislativa - RIL - Nº 184;03.14.13.0013-5;;;
Revista de Informação Legislativa - RIL - Nº 185;;;;
Revista de Informação Legislativa - RIL - Nº 186;;;;
Revista de Informação Legislativa - RIL - Nº 187;;;;
Revista de Informação Legislativa - RIL - Nº 188;;;;
Revista de Informação Legislativa - RIL - Nº 189;;;;
Revista de Informação Legislativa - RIL - Nº 190;;;;
Revista de Informação Legislativa - RIL - Nº 191;;;;
Revista de Informação Legislativa - RIL - Nº 192;;;;
Revista de Informação Legislativa - RIL - Nº 193 - 9770034835008;;;;
Revista de Informação Legislativa - RIL - Nº 194;;;;
Revista de Informação Legislativa - RIL - Nº 195 - 9770034835008;;;;
Revista de Informação Legislativa - RIL - Nº 196 - 9770034835008;;;;
Revista de Informação Legislativa - RIL - Nº 197 - 9770034835008;;;;
Revista de Informação Legislativa - RIL - Nº 198 - 9770034835008;;;;
Revista de Informação Legislativa - RIL - Nº 199 - 9770034835008;;;;
Revista de Informação Legislativa - RIL - Nº 200 - 2013 - 9770034835008;03.14.13.0008-9;;;
Revista de Informação Legislativa - RIL - Nº 200 - 2013 - 9770034835008;;;;
Revista de Informação Legislativa - Ril - Nº 201;;;;
Revista de Informação Legislativa - RIL - Nº 202 - 2014 - 9770034835008;;;;
Revista de Informação Legislativa - RIL - Nº 203 - 2014 - 9770034835008;;;;
Revista de Informação Legislativa - RIL - Nº 204 - 2014 - 9770034835008;;;;
Revista de Informação Legislativa - RIL - Nº 204 - 2014 - 9770034835008;;;;
Revista de Informação Legislativa - RIL - Nº 205 - 2015 - 9770034835008;;;;
Revista de Informação Legislativa - RIL - Nº 206 - 2015 - 9770034835008;;;;
Revista de Informação Legislativa - RIL - Nº 206 - 2015 - 9770034835008;;;;
Revista de Informação Legislativa - RIL - Nº 207 - 2015 - 9770034835008;03.14.13.0009-7;;;
Revista de Informação Legislativa - RIL - Nº 208 - 2015 - 9770034835008;03.14.13.0010-0;;;
Revista de Informação Legislativa - RIL - Nº 209 - 2016 - 9770034835008;03.14.13.0001-1;;;
Revista de Informação Legislativa - RIL - Nº 211 - 2016 - 9770034835008;03.14.13.0002-0;;;
Revista de Informação Legislativa - RIL - Nº 212 - 2016 -;03.14.13.0003-8;;;
Revista de Informação Legislativa - RIL - Nº 212 - 2016 - 9770034835008;03.14.13.0004-6;;;
Revista de Informação Legislativa - RIL - Nº 213 - 2017 - 9770034835008;03.14.13.0005-4;;;
Revista de Informação Legislativa - RIL - Nº 214 - 2017 - 9770034835008;03.14.13.0006-2;;;
Revista de Informação Legislativa - RIL - Nº 215 - 2017 - 9770034835008;03.14.13.0007-0;;;
Rio São Francisco das Alagoas: histórias, lendas, terra e gente (vol. 162) - 9788570183859;03.15.01.0155-7;;;
Rodrigues Alves: apogeu e declínio do presidencialismo – Volumes 1 e 2 (Coleção Biblioteca Básica Brasileira);03.15.01.0266-9;;;
Salão de Humor da Anistia;;;;
São Gonçalo da Regeneração: marchas e contramarchas de um comunidade sertaneja: da aldeira indígena aos tempos atuais (VI vol. – Coleção Centenário) - 9788564231122;;;;
Segredos e revelações da história do Brasil Tomo I, II, III e IV (vol. 174) - 9788570184498;03.15.01.0167-0;;;
;03.15.01.0289-8;;;
Segunda Viagem a São Paulo e Quadro Histórico da Província de São Paulo (vol. 198) - 9788570184887;03.15.01.0182-4;;;
Segurança Pública Normas e Regulamentos - 2012 - 9788570184696;03.14.12.0013-0;;;
;03.14.02.0004-8;;;
Sistemas Políticos e o Modelo Brasileiro (Edições Unilegis de Ciência Política) - 9788570184580;03.14.07.0001-6;;;
Sua Majestade O Presidente do Brasil (Coleção O Brasil Visto por Estrangeiros);03.15.01.0226-0;;;
Temas e agendas para o desenvolvimento sustentável - 9788570184641;03.14.11.0057-8;;;
Testamento político (vol. 169) - 9788570184139;03.15.01.0162-0;;;
The Federal Senate: questions and answers - 9788570185082;03.14.10.0002-6;;;
;03.14.03.0005-0;;;
;03.15.01.0093-3;;;
Três ensaios de história colonial (vol. 86);03.15.01.0079-8;;;
Turismo - 9788570186461;03.14.04.0013-6;;;
Um diplomata na corte de Inglaterra: o Barão do Penedo e sua época (vol. 74) - 9788570184375;03.15.01.0067-4;;;
Um paraíso perdido: reunião de ensaios amazônicos (vol. 113);03.15.01.0106-9;;;
Um passeio pela cidade do Rio de Janeiro (vol. 42);03.15.01.0037-2;;;
Uma festa brasileira (vol. 150) - 9788570183811;03.15.01.0143-3;;;
Uma viagem ao Rio Grande do Sul (vol. 219) - 9788570186942;03.15.01.0205-7;;;
Urbanidade do sobrado: um estudo sobre a arquitetura do sobrado de São Luís (vol. 184);03.15.01.0177-8;;;
Viagem a um país de selvagens (vol. 164) - 9788570184191;03.15.01.0157-3;;;
Viagem ao Brasil (1865-1866) (Coleção O Brasil Visto por Estrangeiros);03.15.01.0224-3;;;
Viagem ao Rio da Prata e ao Rio Grande do Sul (vol. 61);03.15.01.0054-2;;;
Viagem fluvial do Tietê ao Amazonas: de 1825 a 1829 (vol. 93);03.15.01.0086-0;;;
Viagem pelo rio Amazonas: cartas do “mundus alter” (vol. 151) - 9788570183446;03.15.01.0144-1;;;
Viagem pitoresca pelos rios Paraná, Paraguai, São Lourenço, Cuiabá e o Arinos (vol. 101);03.15.01.0094-1;;;
;03.15.01.0236-7;;;
Viajando com Langsdorff - Edição Especial (vol. 195) - 9788570185099;03.15.01.0186-7;;;
Vida: uma poesia ao cerrado;03.14.11.0020-9;;;
Vocabulário da Política (Edições Unilegis de Ciência Política) - 9788570183224;03.14.11.0043-8;;;
Vultos e retratos (vol. 117);03.15.01.0110-7;;;
Wawekrurê – Distintos Olhares (vol. 213) - 9788570186454;03.15.01.0231-6;;;
;;;;